Domain,Status,Attractiveness,Demand,Length,Sectors,Created,Expires,Registrar
one.miami,resell,132,43%,3,"Business,General,Media,Technology",08/08/2021 19:03,08/08/2026 19:03,"GoDaddy.com, LLC"
brief.miami,available,124,19%,5,"Business,Education,General,Law",,,
complete.miami,available,120,21%,8,"Manufacturing,Retail,Technology",,,
second.miami,available,120,23%,6,"General,Mathematics",,,
equal.miami,available,116,19%,5,"Education,General,Law",,,
flat.miami,available,116,23%,4,"Construction,Real Estate",,,
tenth.miami,available,116,7%,5,Mathematics,,,
tonic.miami,available,114,22%,5,"Health and Fitness,Medicine,Science",,,
zero.miami,expiring,112,49%,4,Mathematics,29/08/2019 05:27,29/08/2025 05:27,Porkbun
acute.miami,available,112,9%,5,"Mathematics,Medicine,Science",,,
above.miami,available,112,22%,5,Business,,,
hotshot.miami,available,112,14%,7,"Business,Entertainment,Sports",,,
abiding.miami,available,106,5%,7,"General,Religion",,,
teen.miami,available,104,14%,4,"Education,Entertainment,Healthcare",,,
expert.miami,available,104,26%,6,"Business,Education,Technology",,,
active.miami,available,104,27%,6,"Health and Fitness,Sports,Travel",,,
captive.miami,available,102,14%,7,"Entertainment,Hospitality,Technology",,,
extra.miami,available,102,26%,5,"Fashion,Retail,Technology",,,
eight.miami,available,102,23%,5,"General,Mathematics",,,
absent.miami,available,102,8%,6,"Business,Education,Technology",,,
remove.miami,available,100,13%,6,"Construction,Manufacturing,Technology",,,
ninth.miami,available,100,9%,5,Mathematics,,,
eighth.miami,available,100,6%,6,Mathematics,,,
sixth.miami,available,100,8%,5,Mathematics,,,
whiz.miami,available,100,12%,4,"Business,Education,Technology",,,
abrupt.miami,available,100,3%,6,"Medicine,Science",,,
crack.miami,available,100,20%,5,Sports,,,
adjunct.miami,available,100,5%,7,Education,,,
third.miami,available,100,15%,5,Mathematics,,,
whizz.miami,available,98,11%,5,"Business,Education,Technology",,,
actual.miami,available,96,22%,6,"Real Estate,Retail,Technology",,,
academic.miami,available,96,20%,8,"Education,Humanities,Science",,,
doable.miami,available,96,9%,6,"Business,Education,Technology",,,
alamode.miami,available,96,12%,9,Fashion,,,
forgiving.miami,available,96,3%,9,"Healthcare,Religion",,,
adequate.miami,available,94,9%,8,"Education,Healthcare,Technology",,,
abject.miami,available,94,7%,6,Humanities,,,
around.miami,available,94,22%,6,"Business,General,Media,Technology",,,
about.miami,available,94,28%,5,"Business,General,Media,Technology",,,
adept.miami,available,92,24%,5,"Education,Health and Fitness,Sports",,,
adjective.miami,available,92,5%,9,Education,,,
derelict.miami,available,92,7%,8,"Construction,Real Estate",,,
nought.miami,available,92,4%,6,Mathematics,,,
neutral.miami,available,92,20%,7,"Business,Media,Politics",,,
exemplary.miami,available,92,5%,9,"Business,Education,Healthcare",,,
next.miami,available,92,43%,4,"Retail,Technology,Transportation",,,
abroad.miami,available,92,12%,6,"Hospitality,Travel",,,
twentieth.miami,available,92,3%,9,Mathematics,,,
clear.miami,available,90,47%,5,"Manufacturing,Retail,Technology",,,
adoring.miami,available,90,2%,7,"Entertainment,Fashion,Retail",,,
endearing.miami,available,90,1%,9,"Entertainment,Fashion,Retail",,,
riveting.miami,available,90,6%,8,"Entertainment,Media,Technology",,,
leash.miami,available,90,7%,5,"General,Health and Fitness,Retail",,,
abortive.miami,available,90,1%,8,"Medicine,Science",,,
gripping.miami,available,90,3%,8,"Entertainment,Media,Technology",,,
addictive.miami,available,90,9%,9,Healthcare,,,
proficient.miami,available,88,8%,10,"Education,Health and Fitness,Sports",,,
twelve.miami,available,88,18%,6,"General,Mathematics",,,
sixteen.miami,available,88,10%,7,Mathematics,,,
actionable.miami,available,88,13%,10,"Business,Law",,,
ten.miami,available,88,27%,3,"General,Mathematics",,,
activist.miami,available,88,12%,8,"Humanities,Politics",,,
fifteen.miami,available,88,13%,7,Mathematics,,,
adlib.miami,available,88,7%,6,Entertainment,,,
hundred.miami,available,88,13%,7,Mathematics,,,
ace.miami,available,88,34%,3,Sports,,,
three.miami,available,88,23%,5,Mathematics,,,
wide.miami,available,88,18%,4,"Business,Media,Technology",,,
attendant.miami,available,86,5%,9,"Healthcare,Hospitality,Transportation",,,
engrossing.miami,available,86,0%,10,"Entertainment,Media,Technology",,,
xix.miami,available,86,10%,3,Mathematics,,,
cipher.miami,available,86,29%,6,Mathematics,,,
xiv.miami,available,86,12%,3,Mathematics,,,
adolescent.miami,available,86,3%,10,"Education,Entertainment,Healthcare",,,
aboriginal.miami,available,86,10%,10,Humanities,,,
recondite.miami,available,86,4%,9,"Arts,Humanities,Science",,,
extempore.miami,available,86,3%,9,Entertainment,,,
star.miami,available,86,40%,4,"Entertainment,Media,Sports",,,
intent.miami,available,86,25%,6,"Business,Education,Technology",,,
deviate.miami,available,84,12%,7,"Medicine,Science",,,
thousand.miami,available,84,8%,8,Mathematics,,,
acting.miami,available,84,12%,6,Entertainment,,,
sharp.miami,available,84,34%,5,"Arts,Fashion",,,
thirteen.miami,available,84,10%,8,Mathematics,,,
seventeen.miami,available,84,7%,9,Mathematics,,,
nineteen.miami,available,84,8%,8,Mathematics,,,
twentyone.miami,resell,84,13%,10,Mathematics,07/10/2015 22:11,07/10/2025 22:11,"GoDaddy.com, LLC"
accessory.miami,available,84,8%,9,"Fashion,Retail,Technology",,,
adjustable.miami,available,84,3%,10,"Manufacturing,Retail,Technology",,,
twentytwo.miami,available,84,10%,10,Mathematics,,,
fourteen.miami,available,84,8%,8,Mathematics,,,
cleansing.miami,available,82,3%,9,Health and Fitness,,,
abenaki.miami,available,82,2%,7,Geography,,,
good.miami,available,82,47%,4,"Food and Beverage,General,Health and Fitness,Retail",,,
abdominal.miami,available,82,1%,9,"Health and Fitness,Medicine",,,
absorbent.miami,available,82,3%,9,"Healthcare,Manufacturing,Retail",,,
fivesome.miami,available,82,1%,8,Sports,,,
abroach.miami,available,82,1%,7,Food and Beverage,,,
altered.miami,available,82,9%,7,"Medicine,Science",,,
decade.miami,available,82,10%,6,Mathematics,,,
impromptu.miami,available,82,16%,9,Entertainment,,,
enduring.miami,available,82,9%,8,"Health and Fitness,Religion",,,
abkhaz.miami,available,82,1%,6,Geography,,,
dozen.miami,available,82,10%,5,Mathematics,,,
wiz.miami,available,80,30%,3,"Business,Education,Technology",,,
superstar.miami,available,80,18%,9,Entertainment,,,
seventh.miami,available,80,10%,7,Mathematics,,,
absorbable.miami,available,80,0%,10,"Healthcare,Pharmaceuticals,Science",,,
worshipful.miami,available,80,1%,10,"Education,Healthcare,Religion",,,
trio.miami,available,80,21%,4,Entertainment,,,
adoptable.miami,available,80,3%,9,"Education,Healthcare",,,
forty.miami,available,80,9%,5,Mathematics,,,
first.miami,available,80,34%,5,"General,Mathematics",,,
nine.miami,available,80,24%,4,"General,Mathematics",,,
dorsal.miami,available,80,6%,6,"Medicine,Science",,,
some.miami,available,80,32%,4,"Business,Media,Retail",,,
twenty.miami,available,80,12%,6,Mathematics,,,
able.miami,available,80,29%,4,"Business,Education,General,Technology",,,
sequent.miami,available,80,7%,7,"Healthcare,Insurance,Transportation",,,
yard.miami,available,80,25%,4,"Construction,General",,,
absurd.miami,available,80,16%,6,"Arts,Entertainment,Media",,,
capable.miami,available,80,12%,7,"Business,Education,Technology",,,
abundant.miami,available,80,19%,8,"Agriculture,Manufacturing,Retail",,,
two.miami,available,80,23%,3,Mathematics,,,
abkhazian.miami,available,78,1%,9,Geography,,,
low.miami,available,78,20%,3,"Business,Finance",,,
acceptant.miami,available,78,1%,9,"Education,Healthcare",,,
abkhasian.miami,available,78,1%,9,Geography,,,
accepted.miami,available,78,6%,8,"Business,Education,Technology",,,
honestly.miami,available,78,9%,8,"Business,Law",,,
adorable.miami,available,78,8%,8,"Entertainment,Fashion,Retail",,,
adjacent.miami,available,78,9%,8,"Construction,Real Estate,Retail",,,
abounding.miami,available,78,2%,9,Agriculture,,,
sixtynine.miami,available,78,8%,10,Mathematics,,,
dormant.miami,available,78,4%,7,"Medicine,Science",,,
adrenal.miami,available,78,4%,7,"Education,Healthcare,Science",,,
accurate.miami,available,78,16%,8,"Engineering,Mathematics,Science",,,
acceptable.miami,available,78,5%,10,"Business,Hospitality,Retail",,,
accidental.miami,available,78,11%,10,"Healthcare,Insurance,Transportation",,,
athletic.miami,available,78,15%,8,"Health and Fitness,Sports",,,
recognised.miami,available,78,3%,10,"Business,Education,Technology",,,
absorptive.miami,available,78,1%,10,"Healthcare,Manufacturing,Retail",,,
recognized.miami,available,78,3%,10,"Business,Education,Technology",,,
twentysix.miami,available,78,8%,10,Mathematics,,,
accessible.miami,available,78,21%,10,"Healthcare,Retail,Technology",,,
adherent.miami,available,76,4%,8,"Politics,Religion",,,
adaptive.miami,available,76,28%,8,"Business,Education,Technology",,,
threed.miami,available,76,7%,7,Technology,,,
improvise.miami,available,76,4%,9,Entertainment,,,
diamond.miami,available,76,32%,7,Fashion,,,
nineteenth.miami,available,76,3%,10,Mathematics,,,
energizing.miami,available,76,3%,10,"Food and Beverage,Health and Fitness,Travel",,,
adhesive.miami,available,76,7%,8,"Construction,Manufacturing,Technology",,,
acoustic.miami,available,76,14%,8,Science,,,
ventral.miami,available,76,3%,7,Science,,,
resultant.miami,available,76,2%,9,"Healthcare,Insurance,Transportation",,,
abrasive.miami,available,76,6%,8,"Construction,Manufacturing",,,
ancillary.miami,available,76,6%,9,"Healthcare,Manufacturing,Technology",,,
thirteenth.miami,available,76,3%,10,Mathematics,,,
hundredth.miami,available,76,1%,9,Mathematics,,,
firstrate.miami,available,76,6%,10,Business,,,
addable.miami,available,76,2%,7,"Engineering,Mathematics,Science",,,
auxiliary.miami,available,76,7%,9,"Healthcare,Manufacturing,Technology",,,
adipose.miami,available,76,2%,7,"Healthcare,Science",,,
obscene.miami,available,76,5%,7,"Entertainment,Media",,,
adaptable.miami,available,76,9%,9,"Business,Education,Technology",,,
fourteenth.miami,available,76,2%,10,Mathematics,,,
incidental.miami,available,76,4%,10,"Healthcare,Insurance,Transportation",,,
fifteenth.miami,available,76,2%,9,Mathematics,,,
ague.miami,available,76,2%,4,"Geography,Medicine,Science",,,
thousandth.miami,available,76,1%,10,Mathematics,,,
eighteen.miami,available,76,7%,8,Mathematics,,,
admirable.miami,available,74,5%,9,"Business,Education,Healthcare",,,
mavin.miami,available,74,7%,5,"Entertainment,Fashion,Technology",,,
adamant.miami,available,74,14%,7,Religion,,,
sensation.miami,available,74,7%,9,"Entertainment,Media,Sports",,,
adrenergic.miami,available,74,1%,10,"Education,Healthcare,Science",,,
manageable.miami,available,74,4%,10,"Business,Education,Technology",,,
abnormal.miami,available,74,16%,8,"Medicine,Science",,,
broad.miami,available,74,13%,5,"Entertainment,General,Media",,,
playing.miami,available,74,12%,7,Entertainment,,,
adenoid.miami,available,74,1%,7,"Health and Fitness,Medicine,Science",,,
skilful.miami,available,74,3%,7,"Education,Health and Fitness,Sports",,,
cleared.miami,available,74,7%,7,"Healthcare,Law,Transportation",,,
single.miami,available,74,19%,6,Sports,,,
adapted.miami,available,74,6%,7,"Healthcare,Manufacturing,Technology",,,
activated.miami,available,74,9%,9,"Healthcare,Manufacturing,Technology",,,
accepting.miami,available,74,3%,9,"Education,Healthcare",,,
aberrant.miami,available,74,6%,8,"Medicine,Science",,,
realizable.miami,available,74,1%,10,"Business,Education,Technology",,,
acuate.miami,available,74,2%,6,"Engineering,Medicine,Science",,,
achievable.miami,available,74,4%,10,"Business,Education,Technology",,,
supra.miami,available,74,25%,5,"Medicine,Science",,,
abloom.miami,available,72,5%,6,Agriculture,,,
absorbed.miami,available,72,2%,8,"Entertainment,Media,Technology",,,
accustomed.miami,available,72,1%,10,"Business,Education,Humanities",,,
ternary.miami,available,72,7%,7,Mathematics,,,
adonic.miami,available,72,2%,6,"Arts,Education,Entertainment",,,
adjunctive.miami,available,72,1%,10,"Healthcare,Manufacturing,Technology",,,
trey.miami,available,72,13%,4,Sports,,,
aching.miami,available,72,4%,6,Healthcare,,,
ninetieth.miami,available,72,1%,9,Mathematics,,,
champion.miami,available,72,28%,8,"Entertainment,Health and Fitness,Sports",,,
accusative.miami,available,72,0%,10,"Humanities,Law",,,
deep.miami,available,72,41%,4,"Engineering,Mathematics,Science",,,
adjectival.miami,available,72,1%,10,Education,,,
existent.miami,available,72,3%,8,"Mathematics,Science",,,
addicted.miami,available,72,9%,8,Healthcare,,,
lovely.miami,available,72,26%,6,"Entertainment,Fashion,Retail",,,
eightieth.miami,available,72,1%,9,Mathematics,,,
adiabatic.miami,available,72,3%,9,"Engineering,Science",,,
absolutist.miami,available,72,1%,10,"Humanities,Law,Politics",,,
engrossed.miami,available,72,1%,9,"Entertainment,Media,Technology",,,
abreast.miami,available,72,2%,7,"Business,Technology",,,
improvize.miami,available,72,1%,9,Entertainment,,,
adaptative.miami,available,72,1%,10,"Business,Education,Technology",,,
seventieth.miami,available,72,1%,10,Mathematics,,,
ablaze.miami,available,72,6%,6,Entertainment,,,
sixtieth.miami,available,72,1%,8,Mathematics,,,
consequent.miami,available,70,3%,10,"Business,Education,General,Technology",,,
adjusted.miami,available,70,5%,8,"Manufacturing,Retail,Technology",,,
accumbent.miami,available,70,1%,9,"Healthcare,Medicine,Science",,,
lowdown.miami,available,70,6%,8,"Entertainment,Media",,,
practiced.miami,available,70,3%,9,"Education,Health and Fitness,Sports",,,
absorbing.miami,available,70,3%,9,"Entertainment,Media,Technology",,,
abradant.miami,available,70,1%,8,"Construction,Manufacturing",,,
adored.miami,available,70,6%,6,"Entertainment,Fashion,Retail",,,
stillborn.miami,available,70,2%,9,"Medicine,Science",,,
gymnastic.miami,available,70,3%,9,"Entertainment,Sports",,,
recumbent.miami,available,70,2%,9,"Healthcare,Medicine,Science",,,
offhand.miami,available,70,2%,7,Entertainment,,,
unity.miami,available,70,38%,5,Mathematics,,,
abulic.miami,available,70,1%,6,Medicine,,,
admired.miami,available,70,5%,7,"Business,Education,Healthcare",,,
skillful.miami,available,70,9%,8,"Education,Health and Fitness,Sports",,,
miserable.miami,available,70,4%,9,Humanities,,,
acuminate.miami,available,70,1%,9,"Engineering,Medicine,Science",,,
adamantine.miami,available,70,4%,10,Religion,,,
achaian.miami,available,68,2%,7,Humanities,,,
threesome.miami,available,68,5%,9,Entertainment,,,
sevener.miami,available,68,1%,7,Mathematics,,,
septenary.miami,available,68,2%,9,Mathematics,,,
vindicated.miami,available,68,2%,10,"Humanities,Law,Politics",,,
overseas.miami,available,68,12%,8,"Hospitality,Travel",,,
foursome.miami,available,68,4%,8,Sports,,,
abducent.miami,available,68,0%,8,Medicine,,,
achaean.miami,available,68,2%,7,Humanities,,,
octonary.miami,available,68,1%,8,Mathematics,,,
ablative.miami,available,68,3%,8,Science,,,
decorated.miami,available,68,3%,9,"Entertainment,Fashion,Retail",,,
activating.miami,available,68,3%,10,"Healthcare,Manufacturing,Technology",,,
scurvy.miami,available,68,3%,6,Humanities,,,
fiftieth.miami,available,68,1%,8,Mathematics,,,
ane.miami,available,68,12%,3,Mathematics,,,
aculeate.miami,available,68,1%,8,"Engineering,Medicine,Science",,,
aberdonian.miami,available,68,1%,10,Geography,,,
fortieth.miami,available,68,1%,8,Mathematics,,,
accredited.miami,available,68,9%,10,"Business,Education,Healthcare",,,
licensed.miami,available,68,5%,8,"Business,Healthcare,Insurance",,,
abkhas.miami,available,68,0%,6,Geography,,,
stygian.miami,available,68,5%,7,Humanities,,,
licenced.miami,available,68,2%,8,"Business,Healthcare,Insurance",,,
abnaki.miami,available,68,1%,6,Geography,,,
acerate.miami,available,68,1%,7,Science,,,
ennead.miami,available,68,5%,6,Mathematics,,,
disciple.miami,available,68,14%,8,"Education,Religion",,,
thirtieth.miami,available,68,1%,9,Mathematics,,,
aroused.miami,available,68,3%,7,"Entertainment,Health and Fitness",,,
xvi.miami,available,66,4%,3,Mathematics,,,
ninety.miami,available,66,11%,6,Mathematics,,,
latest.miami,available,66,18%,6,Technology,,,
xxii.miami,available,66,6%,4,Mathematics,,,
xviii.miami,available,66,4%,5,Mathematics,,,
teenager.miami,available,66,4%,8,"Education,Entertainment,Healthcare",,,
xxi.miami,available,66,10%,3,Mathematics,,,
accessary.miami,available,66,1%,9,"Business,Law,Technology",,,
buzzing.miami,available,66,7%,7,"Entertainment,Media,Technology",,,
acervate.miami,available,66,1%,8,Science,,,
adorned.miami,available,66,5%,7,"Entertainment,Fashion,Retail",,,
five.miami,available,66,26%,4,Mathematics,,,
abstinent.miami,available,66,1%,9,"Health and Fitness,Religion",,,
xxv.miami,available,66,6%,3,Mathematics,,,
clv.miami,available,66,10%,3,Mathematics,,,
exonerated.miami,available,66,2%,10,"Humanities,Law,Politics",,,
xvii.miami,available,66,5%,4,Mathematics,,,
deuce.miami,available,66,8%,5,Sports,,,
maven.miami,available,66,30%,5,"Entertainment,Fashion,Technology",,,
onec.miami,available,66,6%,5,Mathematics,,,
acrobatic.miami,available,66,4%,9,"Entertainment,Sports",,,
eighty.miami,available,66,6%,6,Mathematics,,,
xiii.miami,available,66,9%,4,Mathematics,,,
century.miami,available,66,17%,7,Education,,,
tenner.miami,available,66,4%,6,Finance,,,
sextet.miami,available,66,2%,6,Entertainment,,,
performing.miami,available,66,6%,10,Entertainment,,,
according.miami,available,66,3%,9,"Business,Education,Technology",,,
acappella.miami,available,66,6%,10,Entertainment,,,
thirty.miami,available,66,7%,6,Mathematics,,,
fifty.miami,available,66,13%,5,Mathematics,,,
adopted.miami,available,66,4%,7,"Education,Healthcare",,,
xii.miami,available,66,10%,3,Mathematics,,,
modish.miami,available,66,5%,6,Fashion,,,
six.miami,available,66,26%,3,Mathematics,,,
xxvi.miami,available,66,3%,4,Mathematics,,,
acentric.miami,available,64,2%,8,Science,,,
accordant.miami,available,64,3%,9,"Arts,Entertainment",,,
deviant.miami,available,64,12%,7,"Medicine,Science",,,
absolved.miami,available,64,1%,8,"Humanities,Law,Religion",,,
adagio.miami,available,64,14%,6,Entertainment,,,
nondrinker.miami,available,64,1%,10,"Health and Fitness,Religion",,,
aflame.miami,available,64,3%,6,Entertainment,,,
scatty.miami,available,64,1%,6,"Arts,Entertainment,Media",,,
ccc.miami,available,64,38%,3,Mathematics,,,
astringent.miami,available,64,1%,10,"Healthcare,Pharmaceuticals",,,
aufait.miami,available,62,3%,7,"Fashion,Media",,,
cumulative.miami,available,62,2%,10,"Banking,Finance,Insurance",,,
twodozen.miami,available,62,1%,9,Mathematics,,,
ensuant.miami,available,62,1%,7,"Healthcare,Insurance,Transportation",,,
eighteenth.miami,available,62,1%,10,Mathematics,,,
troika.miami,available,62,8%,6,Politics,,,
longdozen.miami,available,62,1%,10,Mathematics,,,
eleventh.miami,available,62,5%,8,Mathematics,,,
adjuvant.miami,available,62,5%,8,"Healthcare,Manufacturing,Technology",,,
roughly.miami,available,62,3%,7,"Business,Media,Technology",,,
wrapped.miami,available,62,13%,7,"Fashion,Hospitality,Retail",,,
accusing.miami,available,62,1%,8,Law,,,
admissible.miami,available,62,1%,10,"Education,Healthcare,Law",,,
accrued.miami,available,62,2%,7,"Banking,Finance,Insurance",,,
activistic.miami,available,62,1%,10,"Humanities,Politics",,,
acidic.miami,available,62,5%,6,"Food and Beverage,Science",,,
pungent.miami,available,62,1%,7,Food and Beverage,,,
sixteenth.miami,available,62,1%,9,Mathematics,,,
fortyfour.miami,available,62,6%,10,Mathematics,,,
abo.miami,available,62,15%,3,Science,,,
orso.miami,available,62,9%,5,"Business,Media,Technology",,,
activation.miami,available,62,16%,10,"Healthcare,Manufacturing,Technology",,,
exculpated.miami,available,62,1%,10,"Humanities,Law,Politics",,,
nail.miami,available,62,16%,4,"Construction,Fashion,General,Retail",,,
playacting.miami,available,62,1%,10,Entertainment,,,
chiliad.miami,available,62,2%,7,Mathematics,,,
adoptive.miami,available,62,1%,8,"Education,Healthcare",,,
aborigine.miami,available,62,1%,9,Humanities,,,
cxv.miami,available,60,4%,3,Mathematics,,,
idolized.miami,available,60,3%,8,"Entertainment,Fashion,Retail",,,
xcl.miami,available,60,5%,3,Mathematics,,,
paunchy.miami,available,60,0%,7,"Health and Fitness,Medicine",,,
octet.miami,available,60,12%,5,Arts,,,
abashed.miami,available,60,1%,7,Humanities,,,
clxx.miami,available,60,2%,4,Mathematics,,,
clxxx.miami,available,60,1%,5,Mathematics,,,
clx.miami,available,60,8%,3,Mathematics,,,
annexal.miami,available,60,1%,7,"Agriculture,Manufacturing,Retail",,,
cxxxv.miami,available,60,1%,5,Mathematics,,,
adnexal.miami,available,60,1%,7,"Agriculture,Manufacturing,Retail",,,
clxxv.miami,available,60,1%,5,Mathematics,,,
abstemious.miami,available,60,0%,10,"Food and Beverage,Health and Fitness,Hospitality",,,
acceptive.miami,available,60,1%,9,"Education,Healthcare",,,
cautionary.miami,available,60,1%,10,"Business,Education,Healthcare",,,
idolised.miami,available,60,1%,8,"Entertainment,Fashion,Retail",,,
adnate.miami,available,60,1%,6,"Agriculture,Manufacturing,Retail",,,
cxlv.miami,available,60,2%,4,Mathematics,,,
eightysix.miami,available,60,7%,10,Mathematics,,,
tertiary.miami,available,60,4%,8,Education,,,
clxv.miami,available,60,1%,4,Mathematics,,,
aboveboard.miami,available,60,5%,10,"Business,Law",,,
thou.miami,available,60,7%,4,Mathematics,,,
cxl.miami,available,60,7%,3,Mathematics,,,
cxxx.miami,available,60,3%,4,Mathematics,,,
sixty.miami,available,60,13%,5,Mathematics,,,
cxxv.miami,available,60,1%,4,Mathematics,,,
abstainer.miami,available,60,0%,9,"Health and Fitness,Religion",,,
cxx.miami,available,60,9%,3,Mathematics,,,
tercet.miami,available,59,2%,6,"Arts,Entertainment,Media",,,
sextuplet.miami,available,58,1%,9,Healthcare,,,
addressed.miami,available,58,3%,9,"Business,Technology,Telecommunications",,,
eighter.miami,available,58,2%,7,Mathematics,,,
actuarial.miami,available,58,8%,9,"Finance,Insurance,Mathematics",,,
acetic.miami,available,58,1%,6,"Food and Beverage,Science",,,
offhanded.miami,available,58,1%,9,Entertainment,,,
adjustive.miami,available,58,1%,9,"Manufacturing,Retail,Technology",,,
fifth.miami,available,58,12%,5,Mathematics,,,
lxxx.miami,available,58,2%,4,Mathematics,,,
abuzz.miami,available,58,5%,5,"Entertainment,Media,Technology",,,
acyclic.miami,available,58,4%,7,"Engineering,Mathematics,Science",,,
justabout.miami,available,58,3%,10,"Business,Media,Technology",,,
aucourant.miami,available,58,3%,10,"Fashion,Media",,,
seven.miami,available,58,35%,5,Mathematics,,,
centesimal.miami,available,58,1%,10,Mathematics,,,
abandoned.miami,available,58,10%,9,"Construction,Real Estate",,,
twelfth.miami,available,58,2%,7,Mathematics,,,
accoutred.miami,available,58,1%,9,"Fashion,Manufacturing,Retail",,,
seventy.miami,available,58,7%,7,Mathematics,,,
lxxviii.miami,available,58,1%,7,Mathematics,,,
cypher.miami,available,58,28%,6,Mathematics,,,
accretive.miami,available,58,6%,9,"Banking,Finance,Insurance",,,
fourth.miami,available,58,13%,6,Mathematics,,,
sixer.miami,available,58,5%,5,Sports,,,
closeto.miami,available,58,3%,8,"Business,Media,Technology",,,
tetrad.miami,available,58,5%,6,Mathematics,,,
enwrapped.miami,available,58,0%,9,"Entertainment,Fashion,Media",,,
fourscore.miami,available,58,4%,9,Mathematics,,,
addible.miami,available,58,2%,7,"Engineering,Mathematics,Science",,,
linear.miami,available,58,22%,6,"Engineering,Mathematics,Science",,,
abridged.miami,available,58,4%,8,Media,,,
abused.miami,available,58,5%,6,"Healthcare,Law",,,
ache.miami,available,58,7%,4,Healthcare,,,
quintet.miami,available,58,8%,7,"Arts,Entertainment",,,
niner.miami,available,58,5%,5,Mathematics,,,
accented.miami,available,58,3%,8,"Arts,Entertainment",,,
super.miami,available,58,47%,5,Business,,,
heptad.miami,available,58,2%,6,Mathematics,,,
sixtyone.miami,available,58,5%,9,Mathematics,,,
octad.miami,available,58,5%,5,Mathematics,,,
hexad.miami,available,58,5%,5,Mathematics,,,
pentad.miami,available,58,3%,6,Mathematics,,,
adient.miami,available,58,4%,6,"Medicine,Science",,,
xlv.miami,available,56,6%,3,Mathematics,,,
xxviii.miami,available,56,1%,6,Mathematics,,,
liii.miami,available,56,4%,4,Mathematics,,,
xli.miami,available,56,5%,3,Mathematics,,,
terzetto.miami,available,56,3%,8,Arts,,,
xlvi.miami,available,56,3%,4,Mathematics,,,
fiftyfive.miami,available,56,8%,10,Mathematics,,,
xxxi.miami,available,56,8%,4,Mathematics,,,
lviii.miami,available,56,1%,5,Mathematics,,,
thirtyone.miami,available,56,4%,10,Mathematics,,,
fortysix.miami,available,56,4%,9,Mathematics,,,
xxxv.miami,available,56,4%,4,Mathematics,,,
aone.miami,available,56,15%,5,Food and Beverage,,,
xxxviii.miami,available,56,1%,7,Mathematics,,,
admittable.miami,available,56,1%,10,"Education,Healthcare,Hospitality",,,
thirtytwo.miami,available,56,4%,10,Mathematics,,,
halfdozen.miami,available,56,1%,10,Mathematics,,,
admittible.miami,available,56,1%,10,"Education,Healthcare,Hospitality",,,
accoutered.miami,available,56,0%,10,"Fashion,Manufacturing,Retail",,,
xxvii.miami,available,56,3%,5,Mathematics,,,
xlii.miami,available,56,5%,4,Mathematics,,,
fortyone.miami,available,56,5%,9,Mathematics,,,
triad.miami,available,56,15%,5,Arts,,,
xxxvii.miami,available,56,2%,6,Mathematics,,,
thirtysix.miami,available,56,5%,10,Mathematics,,,
appressed.miami,available,56,0%,9,"Agriculture,Manufacturing,Retail",,,
xxxii.miami,available,56,1%,5,Mathematics,,,
xxiii.miami,available,56,4%,5,Mathematics,,,
fiftynine.miami,available,56,4%,10,Mathematics,,,
fiftyone.miami,available,56,8%,9,Mathematics,,,
admissive.miami,available,56,1%,9,"Education,Healthcare,Hospitality",,,
addled.miami,available,56,2%,6,Entertainment,,,
abeyant.miami,available,56,1%,7,"Business,Law",,,
xxxiv.miami,available,56,1%,5,Mathematics,,,
xxiv.miami,available,56,5%,4,Mathematics,,,
lii.miami,available,56,7%,3,Mathematics,,,
lvi.miami,available,56,8%,3,Mathematics,,,
abdominous.miami,available,56,0%,10,"Health and Fitness,Medicine",,,
fiftytwo.miami,available,56,6%,9,Mathematics,,,
fiftysix.miami,available,56,4%,9,Mathematics,,,
xxxvi.miami,available,56,1%,5,Mathematics,,,
fiftyfour.miami,available,56,4%,10,Mathematics,,,
maledict.miami,available,56,1%,8,Religion,,,
ilx.miami,available,56,6%,3,Mathematics,,,
xliii.miami,available,56,1%,5,Mathematics,,,
lvii.miami,available,56,2%,4,Mathematics,,,
fortynine.miami,available,56,3%,10,Mathematics,,,
xliv.miami,available,56,3%,4,Mathematics,,,
xlviii.miami,available,56,1%,6,Mathematics,,,
fortytwo.miami,available,56,17%,9,Mathematics,,,
xxix.miami,available,56,4%,4,Mathematics,,,
potbellied.miami,available,56,0%,10,"Health and Fitness,Medicine",,,
xxxiii.miami,available,56,2%,6,Mathematics,,,
xlvii.miami,available,56,2%,5,Mathematics,,,
abasic.miami,available,54,1%,6,Science,,,
admonitory.miami,available,54,0%,10,"Business,Education,Healthcare",,,
acoustical.miami,available,54,4%,10,Science,,,
aboral.miami,available,54,2%,6,Science,,,
unnatural.miami,available,54,4%,9,"Medicine,Science",,,
adjuratory.miami,available,54,0%,10,"Law,Politics,Religion",,,
scratchy.miami,available,54,3%,8,Fashion,,,
abducens.miami,available,54,1%,8,Medicine,,,
quatern.miami,available,54,2%,7,Mathematics,,,
monitory.miami,available,54,3%,8,"Business,Education,Healthcare",,,
viii.miami,available,54,6%,4,Mathematics,,,
adpressed.miami,available,54,0%,9,"Agriculture,Manufacturing,Retail",,,
abhorrent.miami,available,54,1%,9,Humanities,,,
deserted.miami,available,54,3%,8,"Hospitality,Real Estate",,,
sise.miami,available,54,5%,4,Mathematics,,,
accentual.miami,available,54,3%,9,"Arts,Entertainment",,,
accursed.miami,available,54,3%,8,"Entertainment,Media,Religion",,,
fortyfive.miami,available,54,5%,10,Mathematics,,,
fin.miami,available,54,30%,3,Finance,,,
threescore.miami,available,54,2%,10,Mathematics,,,
abatic.miami,available,54,1%,6,Science,,,
vii.miami,available,54,13%,3,Mathematics,,,
abatable.miami,available,54,1%,8,Law,,,
adducting.miami,available,54,1%,9,"Engineering,Mathematics,Science",,,
actuated.miami,available,54,2%,8,"Automotive,Manufacturing,Technology",,,
twoscore.miami,available,54,2%,8,Mathematics,,,
adducent.miami,available,54,1%,8,"Engineering,Mathematics,Science",,,
ternion.miami,available,54,3%,7,Mathematics,,,
achy.miami,available,54,3%,4,Healthcare,,,
abaxial.miami,available,54,1%,7,Science,,,
adductive.miami,available,54,0%,9,"Engineering,Mathematics,Science",,,
achromatic.miami,available,54,4%,10,Science,,,
quadruplet.miami,available,54,1%,10,"Healthcare,Medicine,Science",,,
quaternity.miami,available,54,4%,10,Mathematics,,,
deuceace.miami,available,54,1%,9,Sports,,,
quaternion.miami,available,54,6%,10,Mathematics,,,
iii.miami,available,54,24%,3,Mathematics,,,
quintuplet.miami,available,54,1%,10,"Healthcare,Medicine,Science",,,
adaxial.miami,available,54,2%,7,Science,,,
abient.miami,available,54,1%,6,Science,,,
xxx.miami,resell,53,30%,3,"Arts,Entertainment,Media",23/08/2018 21:40,23/08/2026 21:40,"GoDaddy.com, LLC"
sestet.miami,available,53,1%,6,Arts,,,
septet.miami,available,53,1%,6,General,,,
odious.miami,available,52,2%,6,"Entertainment,Humanities",,,
lxxxvii.miami,available,52,1%,7,Mathematics,,,
ninetysix.miami,available,52,4%,10,Mathematics,,,
lxiii.miami,available,52,2%,5,Mathematics,,,
lxv.miami,available,52,5%,3,Mathematics,,,
lxxxiii.miami,available,52,1%,7,Mathematics,,,
lxxiv.miami,available,52,1%,5,Mathematics,,,
tierce.miami,available,52,3%,6,General,,,
lxvii.miami,available,52,1%,5,Mathematics,,,
xciii.miami,available,52,1%,5,Mathematics,,,
lxxxiv.miami,available,52,1%,6,Mathematics,,,
adenoidal.miami,available,52,1%,9,"Health and Fitness,Medicine,Science",,,
lxiv.miami,available,52,3%,4,Mathematics,,,
repulsive.miami,available,52,1%,9,Humanities,,,
xcviii.miami,available,52,1%,6,Mathematics,,,
aboulic.miami,available,52,1%,7,Medicine,,,
sixtyfive.miami,available,52,3%,10,Mathematics,,,
ixl.miami,available,52,9%,3,Mathematics,,,
xcvii.miami,available,52,1%,5,Mathematics,,,
lxxii.miami,available,52,1%,5,Mathematics,,,
chagrined.miami,available,52,1%,9,Humanities,,,
lxxxvi.miami,available,52,1%,6,Mathematics,,,
ixc.miami,available,52,5%,3,Mathematics,,,
lxxiii.miami,available,52,2%,6,Mathematics,,,
repugnant.miami,available,52,1%,9,Humanities,,,
littlejoe.miami,available,52,2%,10,"Entertainment,Media",,,
abusive.miami,available,52,3%,7,"Healthcare,Law",,,
decumbent.miami,available,52,1%,9,"Healthcare,Medicine,Science",,,
lxviii.miami,available,52,2%,6,Mathematics,,,
abysmal.miami,available,52,4%,7,"Arts,Entertainment,Media",,,
lxxv.miami,available,52,2%,4,Mathematics,,,
lxxxii.miami,available,52,1%,6,Mathematics,,,
xcvi.miami,available,52,2%,4,Mathematics,,,
uphill.miami,available,52,7%,6,"Sports,Transportation,Travel",,,
xcii.miami,available,52,2%,4,Mathematics,,,
eightyone.miami,available,52,3%,10,Mathematics,,,
detestable.miami,available,52,1%,10,Humanities,,,
sixtytwo.miami,available,52,3%,9,Mathematics,,,
lxxxv.miami,available,52,1%,5,Mathematics,,,
abominable.miami,available,52,2%,10,"Entertainment,Humanities",,,
lxxvi.miami,available,52,1%,5,Mathematics,,,
ninetytwo.miami,available,52,4%,10,Mathematics,,,
ninetyone.miami,available,52,5%,10,Mathematics,,,
eightytwo.miami,available,52,4%,10,Mathematics,,,
sixtyfour.miami,available,52,4%,10,Mathematics,,,
xci.miami,available,52,4%,3,Mathematics,,,
sixtysix.miami,available,52,5%,9,Mathematics,,,
lxii.miami,available,52,2%,4,Mathematics,,,
lxxi.miami,available,52,2%,4,Mathematics,,,
ablated.miami,available,52,1%,7,Science,,,
lxvi.miami,available,52,3%,4,Mathematics,,,
lxxxi.miami,available,52,1%,5,Mathematics,,,
lxi.miami,available,52,5%,3,Mathematics,,,
abstruse.miami,available,52,5%,8,"Humanities,Mathematics,Science",,,
xciv.miami,available,52,2%,4,Mathematics,,,
xcv.miami,available,52,7%,3,Mathematics,,,
lxxvii.miami,available,52,2%,6,Mathematics,,,
spinous.miami,available,50,1%,7,"Agriculture,Science",,,
acerb.miami,available,50,2%,5,Science,,,
scummy.miami,available,50,1%,6,Humanities,,,
abactinal.miami,available,50,0%,9,Science,,,
abducting.miami,available,50,0%,9,Medicine,,,
quint.miami,available,50,13%,5,"Arts,Entertainment",,,
trine.miami,available,50,11%,5,"General,Religion",,,
broached.miami,available,50,0%,8,Food and Beverage,,,
ogdoad.miami,available,50,1%,6,Mathematics,,,
gillless.miami,available,50,0%,9,Science,,,
adhominem.miami,available,50,2%,10,"Humanities,Law,Politics",,,
acapnotic.miami,available,50,0%,9,"Healthcare,Medicine,Science",,,
vinegary.miami,available,50,1%,8,Food and Beverage,,,
lxx.miami,available,50,5%,3,Mathematics,,,
needlelike.miami,available,50,0%,10,"Engineering,Medicine,Science",,,
cinque.miami,available,50,7%,6,Mathematics,,,
acellular.miami,available,50,1%,9,Science,,,
acetous.miami,available,50,1%,7,Science,,,
acetose.miami,available,50,1%,7,Science,,,
acaudal.miami,available,50,1%,7,"Agriculture,Science",,,
aculeated.miami,available,50,0%,9,"Engineering,Medicine,Science",,,
acerose.miami,available,50,1%,7,Science,,,
acquitted.miami,available,50,1%,9,Law,,,
aborticide.miami,available,50,0%,10,Medicine,,,
abomasal.miami,available,50,0%,8,Agriculture,,,
adactylous.miami,available,50,0%,10,Science,,,
abdicable.miami,available,50,0%,9,Law,,,
triplet.miami,available,50,8%,7,Science,,,
abbatial.miami,available,50,0%,8,Religion,,,
acapnic.miami,available,50,0%,7,"Healthcare,Medicine,Science",,,
abranchial.miami,available,50,0%,10,Science,,,
acerbic.miami,available,50,2%,7,"Arts,Humanities,Media",,,
execrable.miami,available,48,0%,9,"Entertainment,Humanities",,,
abstracted.miami,available,48,5%,10,"Arts,Humanities,Science",,,
ilxx.miami,available,48,1%,4,Mathematics,,,
abyssal.miami,available,48,12%,7,"Arts,Entertainment,Media",,,
lxxxviii.miami,available,48,1%,8,Mathematics,,,
ilxxx.miami,available,48,1%,5,Mathematics,,,
apriori.miami,available,48,13%,8,Mathematics,,,
theabsurd.miami,available,46,1%,10,"Arts,Entertainment,Media",,,
stripling.miami,available,46,2%,9,"Education,Entertainment,Healthcare",,,
quaternary.miami,available,46,3%,10,Mathematics,,,
achromous.miami,available,46,1%,9,Science,,,
vinegarish.miami,available,46,1%,10,Food and Beverage,,,
acephalous.miami,available,46,1%,10,Science,,,
acheronian.miami,available,46,1%,10,Humanities,,,
acetonic.miami,available,46,1%,8,Science,,,
achromic.miami,available,46,2%,8,Science,,,
acarpous.miami,available,46,0%,8,"Agriculture,Science",,,
acanthotic.miami,available,46,0%,10,"Agriculture,Science",,,
achenial.miami,available,46,1%,8,Science,,,
acanthoid.miami,available,46,1%,9,"Agriculture,Science",,,
cotyloid.miami,available,46,1%,8,Science,,,
acarpelous.miami,available,46,0%,10,"Agriculture,Science",,,
stemless.miami,available,46,2%,8,"Agriculture,Science",,,
acetylic.miami,available,46,1%,8,Science,,,
acicular.miami,available,46,2%,8,Science,,,
acanthous.miami,available,46,0%,9,"Agriculture,Science",,,
acapnial.miami,available,46,0%,8,"Healthcare,Medicine,Science",,,
acetabular.miami,available,46,1%,10,Science,,,
acaudate.miami,available,46,1%,8,"Agriculture,Science",,,
acetylenic.miami,available,46,1%,10,Science,,,
accusatory.miami,available,44,1%,10,Law,,,
acherontic.miami,available,44,1%,10,Humanities,,,
cotyloidal.miami,available,44,1%,10,Science,,,
phoebe.miami,available,41,14%,6,Science,,,
abscessed.miami,available,41,0%,9,Healthcare,,,
accurst.miami,available,40,1%,7,Religion,,,
scurrilous.miami,available,40,1%,10,"Entertainment,Media,Politics",,,
accusive.miami,available,40,1%,8,Law,,,